<?xml version="1.0" encoding="UTF-8"?>

<configuration>

    

    <!-- Define file appender -->

    <appender name="File" class="ch.qos.logback.core.FileAppender">

        <file>logs/bootmrm.log</file> <!-- Specify the path and filename for the log file -->

        <encoder>

            <pattern>%d{HH:mm:ss.SSS} [%thread] %-5level %logger{36} - %msg%n</pattern> <!-- Define log message pattern -->

        </encoder>

    </appender>



    <!-- Define root logger -->

    <root level="INFO">

        <appender-ref ref="File"/> <!-- Reference the file appender -->

    </root>

   

   <!--  defining console logger    -->
   

    

    <appender name="CONSOLE" class="ch.qos.logback.core.ConsoleAppender">

        <encoder>

            <pattern>%d{HH:mm:ss.SSS} [%thread] %-5level %logger{36} - %msg%n</pattern>

        </encoder>

    </appender>



    <root level="INFO">

        <appender-ref ref="CONSOLE"/>

    </root>

    




</configuration>